{"meta": {"format": 3, "version": "7.11.0", "timestamp": "2025-11-10T22:35:37.975877", "branch_coverage": true, "show_contexts": false}, "files": {"apps.py": {"executed_lines": [1, 2, 4, 5, 7, 8, 18, 19, 21, 23, 25, 27, 31, 32, 33, 36, 37, 39, 40, 41, 42, 43, 44, 45, 46, 47, 48, 49, 51, 53, 54, 55, 57, 58, 59, 60, 61, 62, 63, 64, 65, 66, 71, 72, 73, 75, 76, 78], "summary": {"covered_lines": 48, "num_statements": 66, "percent_covered": 69.23076923076923, "percent_covered_display": "69", "missing_lines": 18, "excluded_lines": 0, "num_branches": 38, "num_partial_branches": 10, "covered_branches": 24, "missing_branches": 14}, "missing_lines": [3, 6, 9, 10, 11, 12, 13, 15, 16, 20, 22, 24, 26, 28, 50, 68, 69, 77], "excluded_lines": [], "executed_branches": [[2, 4], [5, 7], [19, 21], [21, 23], [23, 25], [25, 27], [27, 31], [32, 33], [32, 36], [42, 43], [42, 47], [43, 44], [43, 45], [45, 42], [45, 46], [49, 51], [57, 58], [57, 71], [61, 62], [61, 64], [64, 65], [71, 72], [71, 75], [76, 78]], "missing_branches": [[2, 3], [5, 6], [11, 12], [11, 16], [12, 13], [12, 15], [19, 20], [21, 22], [23, 24], [25, 26], [27, 28], [49, 50], [64, 68], [76, 77]], "functions": {"candidate": {"executed_lines": [2, 4, 5, 7, 8, 18, 19, 21, 23, 25, 27, 31, 32, 33, 36, 37, 39, 53, 54, 55, 57, 58, 59, 60, 61, 62, 63, 64, 65, 66, 71, 72, 73, 75, 76, 78], "summary": {"covered_lines": 36, "num_statements": 53, "percent_covered": 63.855421686746986, "percent_covered_display": "64", "missing_lines": 17, "excluded_lines": 0, "num_branches": 30, "num_partial_branches": 9, "covered_branches": 17, "missing_branches": 13}, "missing_lines": [3, 6, 9, 10, 11, 12, 13, 15, 16, 20, 22, 24, 26, 28, 68, 69, 77], "excluded_lines": [], "executed_branches": [[2, 4], [5, 7], [19, 21], [21, 23], [23, 25], [25, 27], [27, 31], [32, 33], [32, 36], [57, 58], [57, 71], [61, 62], [61, 64], [64, 65], [71, 72], [71, 75], [76, 78]], "missing_branches": [[2, 3], [5, 6], [11, 12], [11, 16], [12, 13], [12, 15], [19, 20], [21, 22], [23, 24], [25, 26], [27, 28], [64, 68], [76, 77]]}, "candidate.cost": {"executed_lines": [40, 41, 42, 43, 44, 45, 46, 47, 48, 49, 51], "summary": {"covered_lines": 11, "num_statements": 12, "percent_covered": 90.0, "percent_covered_display": "90", "missing_lines": 1, "excluded_lines": 0, "num_branches": 8, "num_partial_branches": 1, "covered_branches": 7, "missing_branches": 1}, "missing_lines": [50], "excluded_lines": [], "executed_branches": [[42, 43], [42, 47], [43, 44], [43, 45], [45, 42], [45, 46], [49, 51]], "missing_branches": [[49, 50]]}, "": {"executed_lines": [1], "summary": {"covered_lines": 1, "num_statements": 1, "percent_covered": 100.0, "percent_covered_display": "100", "missing_lines": 0, "excluded_lines": 0, "num_branches": 0, "num_partial_branches": 0, "covered_branches": 0, "missing_branches": 0}, "missing_lines": [], "excluded_lines": [], "executed_branches": [], "missing_branches": []}}, "classes": {"": {"executed_lines": [1, 2, 4, 5, 7, 8, 18, 19, 21, 23, 25, 27, 31, 32, 33, 36, 37, 39, 40, 41, 42, 43, 44, 45, 46, 47, 48, 49, 51, 53, 54, 55, 57, 58, 59, 60, 61, 62, 63, 64, 65, 66, 71, 72, 73, 75, 76, 78], "summary": {"covered_lines": 48, "num_statements": 66, "percent_covered": 69.23076923076923, "percent_covered_display": "69", "missing_lines": 18, "excluded_lines": 0, "num_branches": 38, "num_partial_branches": 10, "covered_branches": 24, "missing_branches": 14}, "missing_lines": [3, 6, 9, 10, 11, 12, 13, 15, 16, 20, 22, 24, 26, 28, 50, 68, 69, 77], "excluded_lines": [], "executed_branches": [[2, 4], [5, 7], [19, 21], [21, 23], [23, 25], [25, 27], [27, 31], [32, 33], [32, 36], [42, 43], [42, 47], [43, 44], [43, 45], [45, 42], [45, 46], [49, 51], [57, 58], [57, 71], [61, 62], [61, 64], [64, 65], [71, 72], [71, 75], [76, 78]], "missing_branches": [[2, 3], [5, 6], [11, 12], [11, 16], [12, 13], [12, 15], [19, 20], [21, 22], [23, 24], [25, 26], [27, 28], [49, 50], [64, 68], [76, 77]]}}}}, "totals": {"covered_lines": 48, "num_statements": 66, "percent_covered": 69.23076923076923, "percent_covered_display": "69", "missing_lines": 18, "excluded_lines": 0, "num_branches": 38, "num_partial_branches": 10, "covered_branches": 24, "missing_branches": 14}}