{"meta": {"format": 3, "version": "7.11.0", "timestamp": "2025-11-10T20:30:20.216534", "branch_coverage": true, "show_contexts": false}, "files": {"final.py": {"executed_lines": [1, 2, 3, 4, 5, 7, 8, 18, 19, 21, 23, 24, 25, 26, 27, 30, 31, 32, 34, 35, 37, 38, 39, 40, 41, 42, 43, 44, 46, 47, 48, 49, 51, 53, 55, 56, 57, 58, 60, 62, 63, 64, 65, 66, 67, 68, 69, 70, 71, 72, 73, 79, 80, 81, 83, 84, 86, 88, 89, 91], "summary": {"covered_lines": 60, "num_statements": 78, "percent_covered": 75.78125, "percent_covered_display": "76", "missing_lines": 18, "excluded_lines": 0, "num_branches": 50, "num_partial_branches": 9, "covered_branches": 37, "missing_branches": 13}, "missing_lines": [6, 9, 10, 11, 12, 13, 15, 16, 20, 22, 28, 50, 52, 75, 76, 77, 82, 90], "excluded_lines": [], "executed_branches": [[2, 3], [2, 4], [5, 7], [19, 21], [21, 23], [23, 24], [23, 25], [25, 26], [25, 27], [27, 30], [31, 32], [31, 34], [40, 41], [40, 47], [41, 42], [41, 43], [43, 44], [43, 46], [49, 51], [51, 53], [57, 58], [57, 60], [62, 63], [62, 79], [66, 67], [66, 70], [68, 62], [68, 69], [70, 71], [72, 62], [72, 73], [79, 80], [79, 88], [81, 83], [83, 84], [83, 86], [89, 91]], "missing_branches": [[5, 6], [11, 12], [11, 16], [12, 13], [12, 15], [19, 20], [21, 22], [27, 28], [49, 50], [51, 52], [70, 75], [81, 82], [89, 90]], "functions": {"candidate": {"executed_lines": [2, 3, 4, 5, 7, 8, 18, 19, 21, 23, 24, 25, 26, 27, 30, 31, 32, 34, 35, 37, 55, 56, 57, 58, 60, 62, 63, 64, 65, 66, 67, 68, 69, 70, 71, 72, 73, 79, 80, 81, 83, 84, 86, 88, 89, 91], "summary": {"covered_lines": 46, "num_statements": 62, "percent_covered": 73.52941176470588, "percent_covered_display": "74", "missing_lines": 16, "excluded_lines": 0, "num_branches": 40, "num_partial_branches": 7, "covered_branches": 29, "missing_branches": 11}, "missing_lines": [6, 9, 10, 11, 12, 13, 15, 16, 20, 22, 28, 75, 76, 77, 82, 90], "excluded_lines": [], "executed_branches": [[2, 3], [2, 4], [5, 7], [19, 21], [21, 23], [23, 24], [23, 25], [25, 26], [25, 27], [27, 30], [31, 32], [31, 34], [57, 58], [57, 60], [62, 63], [62, 79], [66, 67], [66, 70], [68, 62], [68, 69], [70, 71], [72, 62], [72, 73], [79, 80], [79, 88], [81, 83], [83, 84], [83, 86], [89, 91]], "missing_branches": [[5, 6], [11, 12], [11, 16], [12, 13], [12, 15], [19, 20], [21, 22], [27, 28], [70, 75], [81, 82], [89, 90]]}, "candidate.cost": {"executed_lines": [38, 39, 40, 41, 42, 43, 44, 46, 47, 48, 49, 51, 53], "summary": {"covered_lines": 13, "num_statements": 15, "percent_covered": 84.0, "percent_covered_display": "84", "missing_lines": 2, "excluded_lines": 0, "num_branches": 10, "num_partial_branches": 2, "covered_branches": 8, "missing_branches": 2}, "missing_lines": [50, 52], "excluded_lines": [], "executed_branches": [[40, 41], [40, 47], [41, 42], [41, 43], [43, 44], [43, 46], [49, 51], [51, 53]], "missing_branches": [[49, 50], [51, 52]]}, "": {"executed_lines": [1], "summary": {"covered_lines": 1, "num_statements": 1, "percent_covered": 100.0, "percent_covered_display": "100", "missing_lines": 0, "excluded_lines": 0, "num_branches": 0, "num_partial_branches": 0, "covered_branches": 0, "missing_branches": 0}, "missing_lines": [], "excluded_lines": [], "executed_branches": [], "missing_branches": []}}, "classes": {"": {"executed_lines": [1, 2, 3, 4, 5, 7, 8, 18, 19, 21, 23, 24, 25, 26, 27, 30, 31, 32, 34, 35, 37, 38, 39, 40, 41, 42, 43, 44, 46, 47, 48, 49, 51, 53, 55, 56, 57, 58, 60, 62, 63, 64, 65, 66, 67, 68, 69, 70, 71, 72, 73, 79, 80, 81, 83, 84, 86, 88, 89, 91], "summary": {"covered_lines": 60, "num_statements": 78, "percent_covered": 75.78125, "percent_covered_display": "76", "missing_lines": 18, "excluded_lines": 0, "num_branches": 50, "num_partial_branches": 9, "covered_branches": 37, "missing_branches": 13}, "missing_lines": [6, 9, 10, 11, 12, 13, 15, 16, 20, 22, 28, 50, 52, 75, 76, 77, 82, 90], "excluded_lines": [], "executed_branches": [[2, 3], [2, 4], [5, 7], [19, 21], [21, 23], [23, 24], [23, 25], [25, 26], [25, 27], [27, 30], [31, 32], [31, 34], [40, 41], [40, 47], [41, 42], [41, 43], [43, 44], [43, 46], [49, 51], [51, 53], [57, 58], [57, 60], [62, 63], [62, 79], [66, 67], [66, 70], [68, 62], [68, 69], [70, 71], [72, 62], [72, 73], [79, 80], [79, 88], [81, 83], [83, 84], [83, 86], [89, 91]], "missing_branches": [[5, 6], [11, 12], [11, 16], [12, 13], [12, 15], [19, 20], [21, 22], [27, 28], [49, 50], [51, 52], [70, 75], [81, 82], [89, 90]]}}}}, "totals": {"covered_lines": 60, "num_statements": 78, "percent_covered": 75.78125, "percent_covered_display": "76", "missing_lines": 18, "excluded_lines": 0, "num_branches": 50, "num_partial_branches": 9, "covered_branches": 37, "missing_branches": 13}}